subject_id,clip,comparison_image
159,sub159/j_1176_1220,/scratch/smiyyapuram/medusa/activations/balanced_3perlabel_seed20260404_7exp/subject_comparisons/sub159_sub159_j_1176_1220_comparison.png
162,sub162/c_303_374,/scratch/smiyyapuram/medusa/activations/balanced_3perlabel_seed20260404_7exp/subject_comparisons/sub162_sub162_c_303_374_comparison.png
184,sub184/j_643_653,/scratch/smiyyapuram/medusa/activations/balanced_3perlabel_seed20260404_7exp/subject_comparisons/sub184_sub184_j_643_653_comparison.png
186,sub186/j_1187_1196,/scratch/smiyyapuram/medusa/activations/balanced_3perlabel_seed20260404_7exp/subject_comparisons/sub186_sub186_j_1187_1196_comparison.png
187,sub187/l_4178_4188,/scratch/smiyyapuram/medusa/activations/balanced_3perlabel_seed20260404_7exp/subject_comparisons/sub187_sub187_l_4178_4188_comparison.png
202,sub202/g_2676_2696,/scratch/smiyyapuram/medusa/activations/balanced_3perlabel_seed20260404_7exp/subject_comparisons/sub202_sub202_g_2676_2696_comparison.png
207,sub207/k_27_42,/scratch/smiyyapuram/medusa/activations/balanced_3perlabel_seed20260404_7exp/subject_comparisons/sub207_sub207_k_27_42_comparison.png
213,sub213/g_5_24,/scratch/smiyyapuram/medusa/activations/balanced_3perlabel_seed20260404_7exp/subject_comparisons/sub213_sub213_g_5_24_comparison.png
216,sub216/h_2189_2199,/scratch/smiyyapuram/medusa/activations/balanced_3perlabel_seed20260404_7exp/subject_comparisons/sub216_sub216_h_2189_2199_comparison.png
