subject_id,subject_dir,clip,clip_rel,label_id,label_name
159,sub159,j_1176_1220,sub159/j_1176_1220,0,Positive
186,sub186,j_1187_1196,sub186/j_1187_1196,0,Positive
207,sub207,k_27_42,sub207/k_27_42,0,Positive
162,sub162,c_303_374,sub162/c_303_374,1,Negative
187,sub187,l_4178_4188,sub187/l_4178_4188,1,Negative
202,sub202,g_2676_2696,sub202/g_2676_2696,1,Negative
184,sub184,j_643_653,sub184/j_643_653,2,Surprise
213,sub213,g_5_24,sub213/g_5_24,2,Surprise
216,sub216,h_2189_2199,sub216/h_2189_2199,2,Surprise
